<?xml version="1.0" encoding="UTF-8" ?>
<!DOCTYPE mapper
  PUBLIC "-//mybatis.org//DTD Mapper 3.0//EN"
  "http://mybatis.org/dtd/mybatis-3-mapper.dtd">


<mapper namespace="com.example.myapp.mapper.UserMapper">

    <insert id="insertUser" parameterType="com.example.myapp.model.User">
        INSERT INTO users (name, age) VALUES (#{name}, #{age})
    </insert>

    <select id="getAllUsers" resultType="com.example.myapp.model.User">
        SELECT id, name, age FROM users
    </select>

    <select id="getUser" resultType="com.example.myapp.model.User">
        SELECT * FROM users WHERE id = #{id}
    </select>

    <update  id="updateUser" parameterType="com.example.myapp.model.User">
        UPDATE users SET name = #{name}, age = #{age} WHERE id = #{id}
    </update >

    <delete id="deleteUser" parameterType="int">
        DELETE FROM users WHERE id = #{id}
    </delete>
 
  </mapper>
